runNumber,best_of_run_gen,best_of_run_error,size,foodEaten,path,energy,errors
0,15,0.0,67,12,"[(0, 0), (1, 0), (1, 1), (1, 2), (1, 3), (1, 4), (2, 4), (3, 4), (4, 4), (5, 4), (5, 5), (5, 6), (4, 6), (3, 6), (3, 7), (4, 7), (5, 7), (6, 7), (7, 7)]",43,"[0.3333333333333333, 0.25, 0.16666666666666666, 0.16666666666666666, 0.16666666666666666, 0.16666666666666666, 0.16666666666666666, 0.08333333333333333, 0.08333333333333333, 0.08333333333333333, 0.08333333333333333, 0.08333333333333333, 0.08333333333333333, 0.08333333333333333, 0.08333333333333333, 0.0]"
1,15,0.0,40,12,"[(0, 0), (1, 0), (1, 1), (1, 2), (1, 3), (1, 4), (2, 4), (3, 4), (3, 3), (3, 2), (3, 3), (3, 4), (3, 5), (3, 6), (4, 6), (5, 6), (5, 5), (5, 4), (5, 5), (5, 6), (5, 7), (6, 7), (7, 7)]",25,"[0.5, 0.5, 0.3333333333333333, 0.3333333333333333, 0.25, 0.25, 0.25, 0.25, 0.25, 0.16666666666666666, 0.16666666666666666, 0.16666666666666666, 0.16666666666666666, 0.08333333333333333, 0.08333333333333333, 0.0]"
2,217,0.0,17,12,"[(0, 0), (1, 0), (1, 1), (1, 2), (1, 3), (1, 4), (2, 4), (2, 3), (2, 2), (2, 3), (2, 4), (2, 5), (2, 6), (3, 6), (3, 5), (3, 4), (3, 5), (3, 6), (3, 7), (4, 7), (4, 6), (4, 5), (4, 6), (4, 7), (5, 7), (5, 6), (5, 5), (5, 6), (5, 7), (6, 7), (6, 6), (6, 5), (6, 6), (6, 7), (7, 7)]",13,"[0.25, 0.25, 0.25, 0.16666666666666666, 0.16666666666666666, 0.16666666666666666, 0.16666666666666666, 0.16666666666666666, 0.16666666666666666, 0.16666666666666666, 0.16666666666666666, 0.16666666666666666, 0.16666666666666666, 0.16666666666666666, 0.16666666666666666, 0.16666666666666666, 0.16666666666666666, 0.08333333333333333, 0.08333333333333333, 0.08333333333333333, 0.08333333333333333, 0.08333333333333333, 0.08333333333333333, 0.08333333333333333, 0.08333333333333333, 0.08333333333333333, 0.08333333333333333, 0.08333333333333333, 0.08333333333333333, 0.08333333333333333, 0.08333333333333333, 0.08333333333333333, 0.08333333333333333, 0.08333333333333333, 0.08333333333333333, 0.08333333333333333, 0.08333333333333333, 0.08333333333333333, 0.08333333333333333, 0.08333333333333333, 0.08333333333333333, 0.08333333333333333, 0.08333333333333333, 0.08333333333333333, 0.08333333333333333, 0.08333333333333333, 0.08333333333333333, 0.08333333333333333, 0.08333333333333333, 0.08333333333333333, 0.08333333333333333, 0.08333333333333333, 0.08333333333333333, 0.08333333333333333, 0.08333333333333333, 0.08333333333333333, 0.08333333333333333, 0.08333333333333333, 0.08333333333333333, 0.08333333333333333, 0.08333333333333333, 0.08333333333333333, 0.08333333333333333, 0.08333333333333333, 0.08333333333333333, 0.08333333333333333, 0.08333333333333333, 0.08333333333333333, 0.08333333333333333, 0.08333333333333333, 0.08333333333333333, 0.08333333333333333, 0.08333333333333333, 0.08333333333333333, 0.08333333333333333, 0.08333333333333333, 0.08333333333333333, 0.08333333333333333, 0.08333333333333333, 0.08333333333333333, 0.08333333333333333, 0.08333333333333333, 0.08333333333333333, 0.08333333333333333, 0.08333333333333333, 0.08333333333333333, 0.08333333333333333, 0.08333333333333333, 0.08333333333333333, 0.08333333333333333, 0.08333333333333333, 0.08333333333333333, 0.08333333333333333, 0.08333333333333333, 0.08333333333333333, 0.08333333333333333, 0.08333333333333333, 0.08333333333333333, 0.08333333333333333, 0.08333333333333333, 0.08333333333333333, 0.08333333333333333, 0.08333333333333333, 0.08333333333333333, 0.08333333333333333, 0.08333333333333333, 0.08333333333333333, 0.08333333333333333, 0.08333333333333333, 0.08333333333333333, 0.08333333333333333, 0.08333333333333333, 0.08333333333333333, 0.08333333333333333, 0.08333333333333333, 0.08333333333333333, 0.08333333333333333, 0.08333333333333333, 0.08333333333333333, 0.08333333333333333, 0.08333333333333333, 0.08333333333333333, 0.08333333333333333, 0.08333333333333333, 0.08333333333333333, 0.08333333333333333, 0.08333333333333333, 0.08333333333333333, 0.08333333333333333, 0.08333333333333333, 0.08333333333333333, 0.08333333333333333, 0.08333333333333333, 0.08333333333333333, 0.08333333333333333, 0.08333333333333333, 0.08333333333333333, 0.08333333333333333, 0.08333333333333333, 0.08333333333333333, 0.08333333333333333, 0.08333333333333333, 0.08333333333333333, 0.08333333333333333, 0.08333333333333333, 0.08333333333333333, 0.08333333333333333, 0.08333333333333333, 0.08333333333333333, 0.08333333333333333, 0.08333333333333333, 0.08333333333333333, 0.08333333333333333, 0.08333333333333333, 0.08333333333333333, 0.08333333333333333, 0.08333333333333333, 0.08333333333333333, 0.08333333333333333, 0.08333333333333333, 0.08333333333333333, 0.08333333333333333, 0.08333333333333333, 0.08333333333333333, 0.08333333333333333, 0.08333333333333333, 0.08333333333333333, 0.08333333333333333, 0.08333333333333333, 0.08333333333333333, 0.08333333333333333, 0.08333333333333333, 0.08333333333333333, 0.08333333333333333, 0.08333333333333333, 0.08333333333333333, 0.08333333333333333, 0.08333333333333333, 0.08333333333333333, 0.08333333333333333, 0.08333333333333333, 0.08333333333333333, 0.08333333333333333, 0.08333333333333333, 0.08333333333333333, 0.08333333333333333, 0.08333333333333333, 0.08333333333333333, 0.08333333333333333, 0.08333333333333333, 0.08333333333333333, 0.08333333333333333, 0.08333333333333333, 0.08333333333333333, 0.08333333333333333, 0.08333333333333333, 0.08333333333333333, 0.08333333333333333, 0.08333333333333333, 0.08333333333333333, 0.08333333333333333, 0.08333333333333333, 0.08333333333333333, 0.08333333333333333, 0.08333333333333333, 0.08333333333333333, 0.08333333333333333, 0.08333333333333333, 0.08333333333333333, 0.08333333333333333, 0.08333333333333333, 0.08333333333333333, 0.08333333333333333, 0.08333333333333333, 0.08333333333333333, 0.08333333333333333, 0.08333333333333333, 0.0]"
3,17,0.0,25,12,"[(0, 0), (1, 0), (1, 1), (1, 2), (1, 3), (1, 4), (2, 4), (2, 5), (2, 6), (2, 7), (3, 7), (4, 7), (5, 7), (6, 7), (7, 7), (7, 6), (6, 6), (5, 6), (4, 6), (3, 6), (3, 5), (3, 4)]",26,"[0.16666666666666666, 0.16666666666666666, 0.16666666666666666, 0.16666666666666666, 0.16666666666666666, 0.16666666666666666, 0.16666666666666666, 0.16666666666666666, 0.16666666666666666, 0.16666666666666666, 0.16666666666666666, 0.16666666666666666, 0.16666666666666666, 0.16666666666666666, 0.16666666666666666, 0.16666666666666666, 0.16666666666666666, 0.0]"
4,10,0.0,31,12,"[(0, 0), (1, 0), (1, 1), (1, 2), (1, 3), (1, 4), (2, 4), (3, 4), (3, 3), (3, 4), (3, 5), (3, 6), (3, 7), (4, 7), (5, 7), (5, 6), (5, 7), (6, 7), (7, 7), (7, 6), (6, 6), (5, 6), (4, 6)]",40,"[0.5, 0.25, 0.25, 0.25, 0.25, 0.08333333333333333, 0.08333333333333333, 0.08333333333333333, 0.08333333333333333, 0.08333333333333333, 0.0]"
5,13,0.0,81,12,"[(0, 0), (1, 0), (1, 1), (1, 2), (1, 3), (1, 4), (0, 4), (0, 5), (0, 6), (0, 5), (0, 4), (1, 4), (2, 4), (3, 4), (4, 4), (4, 5), (4, 6), (5, 6), (6, 6), (7, 6), (7, 7), (7, 6), (7, 7), (6, 7), (5, 7), (4, 7), (3, 7), (3, 6)]",23,"[0.5833333333333334, 0.5, 0.5, 0.25, 0.25, 0.25, 0.25, 0.16666666666666666, 0.16666666666666666, 0.16666666666666666, 0.16666666666666666, 0.08333333333333333, 0.08333333333333333, 0.0]"
6,70,0.0,18,12,"[(0, 0), (1, 0), (1, 1), (0, 1), (0, 2), (1, 2), (2, 2), (2, 3), (1, 3), (1, 4), (2, 4), (3, 4), (3, 5), (2, 5), (2, 6), (3, 6), (4, 6), (4, 7), (3, 7), (4, 7), (5, 7), (4, 7), (5, 7), (6, 7), (7, 7), (6, 7), (6, 6), (5, 6)]",26,"[0.5, 0.5, 0.3333333333333333, 0.3333333333333333, 0.16666666666666666, 0.16666666666666666, 0.16666666666666666, 0.16666666666666666, 0.16666666666666666, 0.16666666666666666, 0.16666666666666666, 0.16666666666666666, 0.16666666666666666, 0.16666666666666666, 0.16666666666666666, 0.16666666666666666, 0.16666666666666666, 0.16666666666666666, 0.16666666666666666, 0.16666666666666666, 0.16666666666666666, 0.16666666666666666, 0.16666666666666666, 0.16666666666666666, 0.16666666666666666, 0.16666666666666666, 0.16666666666666666, 0.16666666666666666, 0.16666666666666666, 0.16666666666666666, 0.16666666666666666, 0.16666666666666666, 0.16666666666666666, 0.16666666666666666, 0.16666666666666666, 0.16666666666666666, 0.16666666666666666, 0.16666666666666666, 0.16666666666666666, 0.16666666666666666, 0.16666666666666666, 0.16666666666666666, 0.16666666666666666, 0.16666666666666666, 0.16666666666666666, 0.16666666666666666, 0.16666666666666666, 0.16666666666666666, 0.16666666666666666, 0.16666666666666666, 0.16666666666666666, 0.16666666666666666, 0.16666666666666666, 0.16666666666666666, 0.16666666666666666, 0.16666666666666666, 0.16666666666666666, 0.16666666666666666, 0.16666666666666666, 0.16666666666666666, 0.16666666666666666, 0.08333333333333333, 0.08333333333333333, 0.08333333333333333, 0.08333333333333333, 0.08333333333333333, 0.08333333333333333, 0.08333333333333333, 0.08333333333333333, 0.08333333333333333, 0.0]"
7,13,0.0,57,12,"[(0, 0), (1, 0), (1, 1), (1, 2), (1, 3), (2, 3), (3, 3), (3, 4), (2, 4), (1, 4), (1, 5), (1, 6), (2, 6), (3, 6), (4, 6), (5, 6), (6, 6), (6, 7), (5, 7), (4, 7), (5, 7), (6, 7), (7, 7)]",40,"[0.25, 0.25, 0.25, 0.16666666666666666, 0.16666666666666666, 0.16666666666666666, 0.16666666666666666, 0.16666666666666666, 0.16666666666666666, 0.16666666666666666, 0.16666666666666666, 0.16666666666666666, 0.16666666666666666, 0.0]"
8,24,0.0,48,12,"[(0, 0), (1, 0), (1, 1), (0, 1), (0, 2), (1, 2), (2, 2), (3, 2), (3, 3), (2, 3), (1, 3), (1, 4), (2, 4), (3, 4), (4, 4), (4, 5), (3, 5), (2, 5), (2, 6), (3, 6), (4, 6), (5, 6), (5, 7), (4, 7), (3, 7), (4, 7), (5, 7), (6, 7), (5, 7), (4, 7), (5, 7), (6, 7), (7, 7)]",14,"[0.16666666666666666, 0.16666666666666666, 0.16666666666666666, 0.16666666666666666, 0.16666666666666666, 0.16666666666666666, 0.08333333333333333, 0.08333333333333333, 0.08333333333333333, 0.08333333333333333, 0.08333333333333333, 0.08333333333333333, 0.08333333333333333, 0.08333333333333333, 0.08333333333333333, 0.08333333333333333, 0.08333333333333333, 0.08333333333333333, 0.08333333333333333, 0.08333333333333333, 0.08333333333333333, 0.08333333333333333, 0.08333333333333333, 0.08333333333333333, 0.0]"
9,14,0.0,53,12,"[(0, 0), (1, 0), (2, 0), (3, 0), (2, 0), (1, 0), (0, 0), (0, 1), (0, 2), (0, 3), (1, 3), (2, 3), (3, 3), (3, 4), (3, 5), (3, 6), (4, 6), (5, 6), (6, 6), (6, 7), (7, 7), (6, 7), (5, 7), (4, 7), (4, 6), (4, 5), (4, 4), (4, 3), (4, 2), (4, 1), (3, 1), (2, 1), (1, 1), (1, 2), (1, 3), (1, 4), (2, 4)]",24,"[0.25, 0.25, 0.25, 0.25, 0.25, 0.08333333333333333, 0.08333333333333333, 0.08333333333333333, 0.08333333333333333, 0.08333333333333333, 0.08333333333333333, 0.08333333333333333, 0.08333333333333333, 0.08333333333333333, 0.0]"
10,22,0.0,106,12,"[(0, 0), (1, 0), (1, 1), (1, 2), (1, 3), (1, 4), (0, 4), (1, 4), (2, 4), (2, 3), (2, 2), (3, 2), (3, 3), (3, 4), (3, 5), (3, 6), (2, 6), (3, 6), (4, 6), (4, 5), (4, 4), (5, 4), (5, 5), (5, 6), (5, 7), (4, 7), (5, 7), (6, 7), (6, 6), (6, 5), (7, 5), (7, 6), (7, 7)]",14,"[0.25, 0.25, 0.25, 0.25, 0.25, 0.16666666666666666, 0.16666666666666666, 0.16666666666666666, 0.16666666666666666, 0.08333333333333333, 0.08333333333333333, 0.08333333333333333, 0.08333333333333333, 0.08333333333333333, 0.08333333333333333, 0.08333333333333333, 0.08333333333333333, 0.08333333333333333, 0.08333333333333333, 0.08333333333333333, 0.08333333333333333, 0.08333333333333333, 0.0]"
11,16,0.0,24,12,"[(0, 0), (1, 0), (1, 1), (1, 2), (1, 3), (1, 4), (2, 4), (2, 3), (2, 2), (3, 2), (3, 3), (3, 4), (3, 5), (3, 6), (4, 6), (4, 5), (4, 4), (5, 4), (5, 5), (5, 6), (5, 7), (6, 7), (7, 7)]",43,"[0.25, 0.25, 0.25, 0.25, 0.25, 0.25, 0.08333333333333333, 0.08333333333333333, 0.08333333333333333, 0.08333333333333333, 0.08333333333333333, 0.08333333333333333, 0.08333333333333333, 0.08333333333333333, 0.08333333333333333, 0.08333333333333333, 0.0]"
12,90,0.0,26,12,"[(0, 0), (1, 0), (1, 1), (1, 2), (1, 3), (2, 3), (3, 3), (3, 4), (2, 4), (1, 4), (0, 4), (0, 5), (0, 6), (1, 6), (1, 7), (2, 7), (3, 7), (3, 6), (4, 6), (5, 6), (6, 6), (6, 7), (7, 7), (6, 7), (5, 7)]",36,"[0.3333333333333333, 0.25, 0.25, 0.08333333333333333, 0.08333333333333333, 0.08333333333333333, 0.08333333333333333, 0.08333333333333333, 0.08333333333333333, 0.08333333333333333, 0.08333333333333333, 0.08333333333333333, 0.08333333333333333, 0.08333333333333333, 0.08333333333333333, 0.08333333333333333, 0.08333333333333333, 0.08333333333333333, 0.08333333333333333, 0.08333333333333333, 0.08333333333333333, 0.08333333333333333, 0.08333333333333333, 0.08333333333333333, 0.08333333333333333, 0.08333333333333333, 0.08333333333333333, 0.08333333333333333, 0.08333333333333333, 0.08333333333333333, 0.08333333333333333, 0.08333333333333333, 0.08333333333333333, 0.08333333333333333, 0.08333333333333333, 0.08333333333333333, 0.08333333333333333, 0.08333333333333333, 0.08333333333333333, 0.08333333333333333, 0.08333333333333333, 0.08333333333333333, 0.08333333333333333, 0.08333333333333333, 0.08333333333333333, 0.08333333333333333, 0.08333333333333333, 0.08333333333333333, 0.08333333333333333, 0.08333333333333333, 0.08333333333333333, 0.08333333333333333, 0.08333333333333333, 0.08333333333333333, 0.08333333333333333, 0.08333333333333333, 0.08333333333333333, 0.08333333333333333, 0.08333333333333333, 0.08333333333333333, 0.08333333333333333, 0.08333333333333333, 0.08333333333333333, 0.08333333333333333, 0.08333333333333333, 0.08333333333333333, 0.08333333333333333, 0.08333333333333333, 0.08333333333333333, 0.08333333333333333, 0.08333333333333333, 0.08333333333333333, 0.08333333333333333, 0.08333333333333333, 0.08333333333333333, 0.08333333333333333, 0.08333333333333333, 0.08333333333333333, 0.08333333333333333, 0.08333333333333333, 0.08333333333333333, 0.08333333333333333, 0.08333333333333333, 0.08333333333333333, 0.08333333333333333, 0.08333333333333333, 0.08333333333333333, 0.08333333333333333, 0.08333333333333333, 0.08333333333333333, 0.0]"
13,36,0.0,155,12,"[(0, 0), (1, 0), (1, 1), (1, 2), (1, 3), (1, 4), (2, 4), (3, 4), (4, 4), (4, 5), (4, 6), (4, 7), (5, 7), (6, 7), (7, 7), (7, 6), (6, 6), (5, 6), (4, 6), (3, 6)]",28,"[0.4166666666666667, 0.3333333333333333, 0.25, 0.25, 0.25, 0.25, 0.25, 0.25, 0.25, 0.25, 0.16666666666666666, 0.16666666666666666, 0.16666666666666666, 0.16666666666666666, 0.16666666666666666, 0.16666666666666666, 0.16666666666666666, 0.16666666666666666, 0.16666666666666666, 0.16666666666666666, 0.16666666666666666, 0.16666666666666666, 0.16666666666666666, 0.16666666666666666, 0.16666666666666666, 0.16666666666666666, 0.08333333333333333, 0.08333333333333333, 0.08333333333333333, 0.08333333333333333, 0.08333333333333333, 0.08333333333333333, 0.08333333333333333, 0.08333333333333333, 0.08333333333333333, 0.08333333333333333, 0.0]"
14,16,0.0,71,12,"[(0, 0), (1, 0), (1, 1), (1, 2), (1, 3), (1, 4), (2, 4), (3, 4), (3, 3), (3, 4), (3, 5), (3, 6), (3, 7), (4, 7), (5, 7), (5, 6), (5, 7), (6, 7), (7, 7), (7, 6), (7, 5), (7, 6), (6, 6), (5, 6), (4, 6)]",13,"[0.3333333333333333, 0.3333333333333333, 0.25, 0.25, 0.25, 0.25, 0.25, 0.16666666666666666, 0.16666666666666666, 0.16666666666666666, 0.16666666666666666, 0.08333333333333333, 0.08333333333333333, 0.08333333333333333, 0.08333333333333333, 0.08333333333333333, 0.0]"
15,28,0.0,48,12,"[(0, 0), (1, 0), (1, 1), (1, 2), (2, 2), (2, 3), (2, 4), (3, 4), (3, 5), (3, 6), (4, 6), (4, 7), (5, 7), (6, 7), (7, 7), (7, 6), (6, 6), (5, 6), (4, 6), (3, 6), (3, 5), (3, 4), (3, 3), (2, 3), (1, 3), (1, 4)]",30,"[0.25, 0.25, 0.25, 0.25, 0.25, 0.25, 0.25, 0.25, 0.25, 0.25, 0.25, 0.16666666666666666, 0.16666666666666666, 0.16666666666666666, 0.16666666666666666, 0.16666666666666666, 0.16666666666666666, 0.16666666666666666, 0.16666666666666666, 0.16666666666666666, 0.08333333333333333, 0.08333333333333333, 0.08333333333333333, 0.08333333333333333, 0.08333333333333333, 0.08333333333333333, 0.08333333333333333, 0.08333333333333333, 0.0]"
16,19,0.0,87,12,"[(0, 0), (1, 0), (2, 0), (3, 0), (4, 0), (3, 0), (3, 1), (2, 1), (1, 1), (0, 1), (1, 1), (1, 2), (1, 3), (1, 4), (1, 5), (1, 6), (1, 7), (1, 6), (2, 6), (3, 6), (4, 6), (5, 6), (6, 6), (7, 6), (7, 7), (6, 7), (5, 7), (5, 6), (5, 5), (5, 4), (4, 4), (3, 4), (2, 4)]",15,"[0.25, 0.25, 0.25, 0.25, 0.16666666666666666, 0.16666666666666666, 0.16666666666666666, 0.16666666666666666, 0.16666666666666666, 0.16666666666666666, 0.16666666666666666, 0.16666666666666666, 0.16666666666666666, 0.16666666666666666, 0.16666666666666666, 0.16666666666666666, 0.16666666666666666, 0.16666666666666666, 0.16666666666666666, 0.0]"
17,8,0.0,68,12,"[(0, 0), (1, 0), (1, 1), (0, 1), (0, 2), (1, 2), (1, 3), (1, 4), (1, 3), (2, 3), (3, 3), (3, 4), (2, 4), (2, 5), (3, 5), (3, 6), (3, 7), (3, 6), (4, 6), (5, 6), (5, 7), (4, 7), (5, 7), (5, 6), (6, 6), (7, 6), (6, 6), (6, 7), (7, 7)]",12,"[0.5, 0.16666666666666666, 0.16666666666666666, 0.16666666666666666, 0.16666666666666666, 0.16666666666666666, 0.16666666666666666, 0.16666666666666666, 0.0]"
18,115,0.0,54,12,"[(0, 0), (1, 0), (2, 0), (2, 1), (1, 1), (1, 2), (1, 3), (1, 4), (1, 5), (2, 5), (2, 4), (2, 3), (2, 2), (3, 2), (3, 3), (3, 4), (3, 5), (3, 6), (4, 6), (4, 5), (4, 4), (4, 3), (5, 3), (5, 4), (5, 5), (5, 6), (5, 7), (6, 7), (6, 6), (6, 5), (6, 4), (7, 4), (7, 5), (7, 6), (7, 7)]",23,"[0.25, 0.08333333333333333, 0.08333333333333333, 0.08333333333333333, 0.08333333333333333, 0.08333333333333333, 0.08333333333333333, 0.08333333333333333, 0.08333333333333333, 0.08333333333333333, 0.08333333333333333, 0.08333333333333333, 0.08333333333333333, 0.08333333333333333, 0.08333333333333333, 0.08333333333333333, 0.08333333333333333, 0.08333333333333333, 0.08333333333333333, 0.08333333333333333, 0.08333333333333333, 0.08333333333333333, 0.08333333333333333, 0.08333333333333333, 0.08333333333333333, 0.08333333333333333, 0.08333333333333333, 0.08333333333333333, 0.08333333333333333, 0.08333333333333333, 0.08333333333333333, 0.08333333333333333, 0.08333333333333333, 0.08333333333333333, 0.08333333333333333, 0.08333333333333333, 0.08333333333333333, 0.08333333333333333, 0.08333333333333333, 0.08333333333333333, 0.08333333333333333, 0.08333333333333333, 0.08333333333333333, 0.08333333333333333, 0.08333333333333333, 0.08333333333333333, 0.08333333333333333, 0.08333333333333333, 0.08333333333333333, 0.08333333333333333, 0.08333333333333333, 0.08333333333333333, 0.08333333333333333, 0.08333333333333333, 0.08333333333333333, 0.08333333333333333, 0.08333333333333333, 0.08333333333333333, 0.08333333333333333, 0.08333333333333333, 0.08333333333333333, 0.08333333333333333, 0.08333333333333333, 0.08333333333333333, 0.08333333333333333, 0.08333333333333333, 0.08333333333333333, 0.08333333333333333, 0.08333333333333333, 0.08333333333333333, 0.08333333333333333, 0.08333333333333333, 0.08333333333333333, 0.08333333333333333, 0.08333333333333333, 0.08333333333333333, 0.08333333333333333, 0.08333333333333333, 0.08333333333333333, 0.08333333333333333, 0.08333333333333333, 0.08333333333333333, 0.08333333333333333, 0.08333333333333333, 0.08333333333333333, 0.08333333333333333, 0.08333333333333333, 0.08333333333333333, 0.08333333333333333, 0.08333333333333333, 0.08333333333333333, 0.08333333333333333, 0.08333333333333333, 0.08333333333333333, 0.08333333333333333, 0.08333333333333333, 0.08333333333333333, 0.08333333333333333, 0.08333333333333333, 0.08333333333333333, 0.08333333333333333, 0.08333333333333333, 0.08333333333333333, 0.08333333333333333, 0.08333333333333333, 0.08333333333333333, 0.08333333333333333, 0.08333333333333333, 0.08333333333333333, 0.08333333333333333, 0.08333333333333333, 0.08333333333333333, 0.08333333333333333, 0.08333333333333333, 0.08333333333333333, 0.0]"
19,19,0.0,39,12,"[(0, 0), (1, 0), (1, 1), (1, 2), (1, 3), (2, 3), (3, 3), (3, 4), (3, 5), (3, 6), (4, 6), (5, 6), (5, 7), (6, 7), (7, 7), (6, 7), (5, 7), (4, 7), (3, 7), (2, 7), (2, 6), (2, 5), (2, 4), (1, 4)]",23,"[0.4166666666666667, 0.16666666666666666, 0.16666666666666666, 0.16666666666666666, 0.16666666666666666, 0.16666666666666666, 0.16666666666666666, 0.16666666666666666, 0.16666666666666666, 0.08333333333333333, 0.08333333333333333, 0.08333333333333333, 0.08333333333333333, 0.08333333333333333, 0.08333333333333333, 0.08333333333333333, 0.08333333333333333, 0.08333333333333333, 0.08333333333333333, 0.0]"
20,22,0.0,83,12,"[(0, 0), (1, 0), (1, 1), (1, 2), (1, 3), (1, 4), (2, 4), (3, 4), (3, 5), (3, 6), (3, 7), (3, 6), (3, 5), (4, 5), (4, 4), (4, 3), (4, 4), (4, 5), (4, 6), (4, 7), (5, 7), (6, 7), (7, 7), (6, 7), (5, 7), (5, 6)]",11,"[0.5, 0.3333333333333333, 0.3333333333333333, 0.25, 0.25, 0.25, 0.25, 0.25, 0.16666666666666666, 0.16666666666666666, 0.16666666666666666, 0.16666666666666666, 0.16666666666666666, 0.16666666666666666, 0.16666666666666666, 0.16666666666666666, 0.08333333333333333, 0.08333333333333333, 0.08333333333333333, 0.08333333333333333, 0.08333333333333333, 0.08333333333333333, 0.0]"
21,15,0.0,107,12,"[(0, 0), (1, 0), (2, 0), (3, 0), (3, 1), (2, 1), (1, 1), (1, 2), (1, 3), (2, 3), (3, 3), (3, 4), (2, 4), (1, 4), (1, 5), (1, 6), (2, 6), (3, 6), (4, 6), (5, 6), (6, 6), (7, 6), (7, 7), (6, 7), (5, 7)]",20,"[0.5, 0.5, 0.3333333333333333, 0.3333333333333333, 0.3333333333333333, 0.3333333333333333, 0.16666666666666666, 0.16666666666666666, 0.16666666666666666, 0.16666666666666666, 0.16666666666666666, 0.16666666666666666, 0.08333333333333333, 0.08333333333333333, 0.08333333333333333, 0.0]"
22,9,0.0,56,12,"[(0, 0), (1, 0), (1, 1), (1, 2), (1, 3), (0, 3), (0, 4), (1, 4), (2, 4), (3, 4), (4, 4), (4, 5), (4, 6), (4, 7), (3, 7), (4, 7), (5, 7), (6, 7), (7, 7), (7, 6), (6, 6), (5, 6), (4, 6), (4, 5), (3, 5), (3, 6)]",27,"[0.4166666666666667, 0.3333333333333333, 0.25, 0.25, 0.16666666666666666, 0.16666666666666666, 0.08333333333333333, 0.08333333333333333, 0.08333333333333333, 0.0]"
23,130,0.0,173,12,"[(0, 0), (0, 1), (1, 1), (1, 2), (1, 3), (1, 4), (2, 4), (3, 4), (4, 4), (3, 4), (3, 5), (4, 5), (4, 6), (4, 7), (5, 7), (6, 7), (7, 7), (6, 7), (6, 6), (5, 6), (4, 6), (3, 6), (4, 6), (4, 5), (4, 4), (4, 3), (4, 4), (3, 4), (3, 3), (2, 3), (2, 2), (2, 1), (2, 0), (1, 0)]",6,"[0.25, 0.25, 0.25, 0.16666666666666666, 0.16666666666666666, 0.16666666666666666, 0.16666666666666666, 0.16666666666666666, 0.16666666666666666, 0.16666666666666666, 0.08333333333333333, 0.08333333333333333, 0.08333333333333333, 0.08333333333333333, 0.08333333333333333, 0.08333333333333333, 0.08333333333333333, 0.08333333333333333, 0.08333333333333333, 0.08333333333333333, 0.08333333333333333, 0.08333333333333333, 0.08333333333333333, 0.08333333333333333, 0.08333333333333333, 0.08333333333333333, 0.08333333333333333, 0.08333333333333333, 0.08333333333333333, 0.08333333333333333, 0.08333333333333333, 0.08333333333333333, 0.08333333333333333, 0.08333333333333333, 0.08333333333333333, 0.08333333333333333, 0.08333333333333333, 0.08333333333333333, 0.08333333333333333, 0.08333333333333333, 0.08333333333333333, 0.08333333333333333, 0.08333333333333333, 0.08333333333333333, 0.08333333333333333, 0.08333333333333333, 0.08333333333333333, 0.08333333333333333, 0.08333333333333333, 0.08333333333333333, 0.08333333333333333, 0.08333333333333333, 0.08333333333333333, 0.08333333333333333, 0.08333333333333333, 0.08333333333333333, 0.08333333333333333, 0.08333333333333333, 0.08333333333333333, 0.08333333333333333, 0.08333333333333333, 0.08333333333333333, 0.08333333333333333, 0.08333333333333333, 0.08333333333333333, 0.08333333333333333, 0.08333333333333333, 0.08333333333333333, 0.08333333333333333, 0.08333333333333333, 0.08333333333333333, 0.08333333333333333, 0.08333333333333333, 0.08333333333333333, 0.08333333333333333, 0.08333333333333333, 0.08333333333333333, 0.08333333333333333, 0.08333333333333333, 0.08333333333333333, 0.08333333333333333, 0.08333333333333333, 0.08333333333333333, 0.08333333333333333, 0.08333333333333333, 0.08333333333333333, 0.08333333333333333, 0.08333333333333333, 0.08333333333333333, 0.08333333333333333, 0.08333333333333333, 0.08333333333333333, 0.08333333333333333, 0.08333333333333333, 0.08333333333333333, 0.08333333333333333, 0.08333333333333333, 0.08333333333333333, 0.08333333333333333, 0.08333333333333333, 0.08333333333333333, 0.08333333333333333, 0.08333333333333333, 0.08333333333333333, 0.08333333333333333, 0.08333333333333333, 0.08333333333333333, 0.08333333333333333, 0.08333333333333333, 0.08333333333333333, 0.08333333333333333, 0.08333333333333333, 0.08333333333333333, 0.08333333333333333, 0.08333333333333333, 0.08333333333333333, 0.08333333333333333, 0.08333333333333333, 0.08333333333333333, 0.08333333333333333, 0.08333333333333333, 0.08333333333333333, 0.08333333333333333, 0.08333333333333333, 0.08333333333333333, 0.08333333333333333, 0.08333333333333333, 0.08333333333333333, 0.08333333333333333, 0.08333333333333333, 0.0]"
24,6,0.0,51,12,"[(0, 0), (1, 0), (1, 1), (1, 2), (1, 3), (1, 4), (2, 4), (3, 4), (3, 5), (3, 6), (3, 7), (4, 7), (5, 7), (6, 7), (7, 7), (6, 7), (5, 7), (5, 6), (4, 6)]",38,"[0.16666666666666666, 0.16666666666666666, 0.08333333333333333, 0.08333333333333333, 0.08333333333333333, 0.08333333333333333, 0.0]"
25,27,0.0,23,12,"[(0, 0), (1, 0), (1, 1), (1, 2), (2, 2), (2, 3), (2, 4), (3, 4), (3, 5), (3, 6), (4, 6), (4, 7), (5, 7), (6, 7), (7, 7), (6, 7), (5, 7), (5, 6), (5, 5), (4, 5), (4, 4), (4, 3), (3, 3), (3, 2), (3, 1), (3, 2), (3, 3), (2, 3), (1, 3), (1, 4)]",17,"[0.4166666666666667, 0.3333333333333333, 0.3333333333333333, 0.25, 0.16666666666666666, 0.08333333333333333, 0.08333333333333333, 0.08333333333333333, 0.08333333333333333, 0.08333333333333333, 0.08333333333333333, 0.08333333333333333, 0.08333333333333333, 0.08333333333333333, 0.08333333333333333, 0.08333333333333333, 0.08333333333333333, 0.08333333333333333, 0.08333333333333333, 0.08333333333333333, 0.08333333333333333, 0.08333333333333333, 0.08333333333333333, 0.08333333333333333, 0.08333333333333333, 0.08333333333333333, 0.08333333333333333, 0.0]"
26,24,0.0,51,12,"[(0, 0), (1, 0), (1, 1), (1, 2), (1, 3), (1, 4), (1, 5), (1, 4), (2, 4), (3, 4), (3, 5), (3, 6), (3, 7), (3, 6), (4, 6), (5, 6), (5, 7), (5, 6), (6, 6), (7, 6), (7, 7), (6, 7)]",19,"[0.5, 0.5, 0.3333333333333333, 0.3333333333333333, 0.3333333333333333, 0.3333333333333333, 0.3333333333333333, 0.25, 0.25, 0.25, 0.16666666666666666, 0.16666666666666666, 0.16666666666666666, 0.08333333333333333, 0.08333333333333333, 0.08333333333333333, 0.08333333333333333, 0.08333333333333333, 0.08333333333333333, 0.08333333333333333, 0.08333333333333333, 0.08333333333333333, 0.08333333333333333, 0.08333333333333333, 0.0]"
27,17,0.0,100,12,"[(0, 0), (0, 1), (0, 0), (1, 0), (1, 1), (1, 2), (1, 3), (1, 4), (2, 4), (3, 4), (3, 5), (3, 6), (4, 6), (5, 6), (5, 7), (6, 7), (7, 7)]",27,"[0.4166666666666667, 0.25, 0.25, 0.25, 0.25, 0.25, 0.25, 0.16666666666666666, 0.16666666666666666, 0.08333333333333333, 0.08333333333333333, 0.08333333333333333, 0.08333333333333333, 0.08333333333333333, 0.08333333333333333, 0.08333333333333333, 0.08333333333333333, 0.0]"
28,44,0.0,29,12,"[(0, 0), (1, 0), (1, 1), (1, 2), (1, 3), (1, 4), (2, 4), (2, 5), (2, 4), (3, 4), (3, 5), (3, 6), (3, 7), (4, 7), (4, 6), (5, 6), (5, 7), (6, 7), (6, 6), (7, 6), (7, 7)]",35,"[0.3333333333333333, 0.16666666666666666, 0.16666666666666666, 0.16666666666666666, 0.16666666666666666, 0.16666666666666666, 0.16666666666666666, 0.16666666666666666, 0.16666666666666666, 0.16666666666666666, 0.16666666666666666, 0.16666666666666666, 0.16666666666666666, 0.16666666666666666, 0.16666666666666666, 0.16666666666666666, 0.16666666666666666, 0.16666666666666666, 0.08333333333333333, 0.08333333333333333, 0.08333333333333333, 0.08333333333333333, 0.08333333333333333, 0.08333333333333333, 0.08333333333333333, 0.08333333333333333, 0.08333333333333333, 0.08333333333333333, 0.08333333333333333, 0.08333333333333333, 0.08333333333333333, 0.08333333333333333, 0.08333333333333333, 0.08333333333333333, 0.08333333333333333, 0.08333333333333333, 0.08333333333333333, 0.08333333333333333, 0.08333333333333333, 0.08333333333333333, 0.08333333333333333, 0.08333333333333333, 0.08333333333333333, 0.08333333333333333, 0.0]"
29,15,0.0,87,12,"[(0, 0), (1, 0), (1, 1), (1, 2), (1, 3), (2, 3), (2, 2), (2, 3), (3, 3), (3, 4), (2, 4), (1, 4), (1, 5), (1, 6), (2, 6), (2, 5), (2, 6), (2, 7), (2, 6), (3, 6), (4, 6), (4, 5), (5, 5), (5, 6), (5, 7), (6, 7), (6, 6), (6, 7), (7, 7)]",23,"[0.3333333333333333, 0.3333333333333333, 0.08333333333333333, 0.08333333333333333, 0.08333333333333333, 0.08333333333333333, 0.08333333333333333, 0.08333333333333333, 0.08333333333333333, 0.08333333333333333, 0.08333333333333333, 0.08333333333333333, 0.08333333333333333, 0.08333333333333333, 0.08333333333333333, 0.0]"
30,48,0.0,47,12,"[(0, 0), (1, 0), (1, 1), (1, 2), (1, 3), (1, 4), (1, 5), (2, 5), (2, 4), (3, 4), (3, 5), (3, 6), (3, 7), (4, 7), (4, 6), (5, 6), (5, 7), (6, 7), (7, 7)]",31,"[0.4166666666666667, 0.4166666666666667, 0.3333333333333333, 0.3333333333333333, 0.3333333333333333, 0.16666666666666666, 0.08333333333333333, 0.08333333333333333, 0.08333333333333333, 0.08333333333333333, 0.08333333333333333, 0.08333333333333333, 0.08333333333333333, 0.08333333333333333, 0.08333333333333333, 0.08333333333333333, 0.08333333333333333, 0.08333333333333333, 0.08333333333333333, 0.08333333333333333, 0.08333333333333333, 0.08333333333333333, 0.08333333333333333, 0.08333333333333333, 0.08333333333333333, 0.08333333333333333, 0.08333333333333333, 0.08333333333333333, 0.08333333333333333, 0.08333333333333333, 0.08333333333333333, 0.08333333333333333, 0.08333333333333333, 0.08333333333333333, 0.08333333333333333, 0.08333333333333333, 0.08333333333333333, 0.08333333333333333, 0.08333333333333333, 0.08333333333333333, 0.08333333333333333, 0.08333333333333333, 0.08333333333333333, 0.08333333333333333, 0.08333333333333333, 0.08333333333333333, 0.08333333333333333, 0.08333333333333333, 0.0]"
31,3,0.0,39,12,"[(0, 0), (1, 0), (2, 0), (2, 1), (2, 2), (2, 3), (3, 3), (4, 3), (4, 4), (4, 5), (4, 6), (5, 6), (6, 6), (6, 7), (7, 7), (6, 7), (5, 7), (4, 7), (3, 7), (3, 6), (3, 5), (3, 4), (2, 4), (1, 4), (1, 3), (1, 2), (1, 1)]",19,"[0.08333333333333333, 0.08333333333333333, 0.08333333333333333, 0.0]"
32,55,0.0,35,12,"[(0, 0), (1, 0), (1, 1), (1, 2), (1, 3), (2, 3), (3, 3), (3, 4), (3, 5), (3, 6), (4, 6), (5, 6), (5, 7), (6, 7), (7, 7), (6, 7), (5, 7), (4, 7), (3, 7), (3, 6), (3, 5), (3, 4), (2, 4), (1, 4)]",38,"[0.25, 0.16666666666666666, 0.16666666666666666, 0.16666666666666666, 0.16666666666666666, 0.16666666666666666, 0.16666666666666666, 0.16666666666666666, 0.16666666666666666, 0.16666666666666666, 0.16666666666666666, 0.16666666666666666, 0.16666666666666666, 0.16666666666666666, 0.16666666666666666, 0.16666666666666666, 0.16666666666666666, 0.16666666666666666, 0.16666666666666666, 0.16666666666666666, 0.16666666666666666, 0.16666666666666666, 0.16666666666666666, 0.16666666666666666, 0.16666666666666666, 0.16666666666666666, 0.16666666666666666, 0.16666666666666666, 0.16666666666666666, 0.16666666666666666, 0.16666666666666666, 0.16666666666666666, 0.16666666666666666, 0.16666666666666666, 0.16666666666666666, 0.16666666666666666, 0.16666666666666666, 0.16666666666666666, 0.16666666666666666, 0.16666666666666666, 0.16666666666666666, 0.16666666666666666, 0.16666666666666666, 0.08333333333333333, 0.08333333333333333, 0.08333333333333333, 0.08333333333333333, 0.08333333333333333, 0.08333333333333333, 0.08333333333333333, 0.08333333333333333, 0.08333333333333333, 0.08333333333333333, 0.08333333333333333, 0.08333333333333333, 0.0]"
33,75,0.0,106,12,"[(0, 0), (1, 0), (1, 1), (1, 2), (2, 2), (1, 2), (0, 2), (0, 3), (1, 3), (1, 4), (2, 4), (3, 4), (3, 5), (3, 6), (4, 6), (3, 6), (2, 6), (2, 7), (3, 7), (4, 7), (5, 7), (6, 7), (5, 7), (4, 7), (5, 7), (6, 7), (7, 7), (7, 6), (7, 5), (6, 5), (5, 5), (5, 6)]",9,"[0.5, 0.5, 0.5, 0.4166666666666667, 0.4166666666666667, 0.4166666666666667, 0.25, 0.25, 0.25, 0.25, 0.08333333333333333, 0.08333333333333333, 0.08333333333333333, 0.08333333333333333, 0.08333333333333333, 0.08333333333333333, 0.08333333333333333, 0.08333333333333333, 0.08333333333333333, 0.08333333333333333, 0.08333333333333333, 0.08333333333333333, 0.08333333333333333, 0.08333333333333333, 0.08333333333333333, 0.08333333333333333, 0.08333333333333333, 0.08333333333333333, 0.08333333333333333, 0.08333333333333333, 0.08333333333333333, 0.08333333333333333, 0.08333333333333333, 0.08333333333333333, 0.08333333333333333, 0.08333333333333333, 0.08333333333333333, 0.08333333333333333, 0.08333333333333333, 0.08333333333333333, 0.08333333333333333, 0.08333333333333333, 0.08333333333333333, 0.08333333333333333, 0.08333333333333333, 0.08333333333333333, 0.08333333333333333, 0.08333333333333333, 0.08333333333333333, 0.08333333333333333, 0.08333333333333333, 0.08333333333333333, 0.08333333333333333, 0.08333333333333333, 0.08333333333333333, 0.08333333333333333, 0.08333333333333333, 0.08333333333333333, 0.08333333333333333, 0.08333333333333333, 0.08333333333333333, 0.08333333333333333, 0.08333333333333333, 0.08333333333333333, 0.08333333333333333, 0.08333333333333333, 0.08333333333333333, 0.08333333333333333, 0.08333333333333333, 0.08333333333333333, 0.08333333333333333, 0.08333333333333333, 0.08333333333333333, 0.08333333333333333, 0.08333333333333333, 0.0]"
34,1,0.0,111,12,"[(0, 0), (1, 0), (1, 1), (1, 2), (1, 1), (1, 0), (1, 1), (1, 2), (1, 3), (1, 4), (2, 4), (3, 4), (4, 4), (4, 5), (4, 6), (5, 6), (6, 6), (7, 6), (7, 7), (6, 7), (5, 7), (4, 7), (3, 7), (3, 6)]",31,"[0.5833333333333334, 0.0]"
35,11,0.0,45,12,"[(0, 0), (1, 0), (1, 1), (1, 0), (1, 1), (1, 2), (1, 3), (1, 4), (2, 4), (2, 3), (3, 3), (3, 4), (3, 3), (3, 4), (3, 5), (3, 6), (3, 7), (4, 7), (4, 6), (5, 6), (5, 7), (5, 6), (5, 7), (6, 7), (5, 7), (6, 7), (7, 7)]",8,"[0.3333333333333333, 0.3333333333333333, 0.16666666666666666, 0.16666666666666666, 0.16666666666666666, 0.16666666666666666, 0.16666666666666666, 0.08333333333333333, 0.08333333333333333, 0.08333333333333333, 0.08333333333333333, 0.0]"
36,11,0.0,40,12,"[(0, 0), (1, 0), (1, 1), (1, 2), (1, 3), (2, 3), (3, 3), (3, 4), (3, 5), (3, 6), (4, 6), (5, 6), (5, 7), (6, 7), (7, 7), (6, 7), (5, 7), (4, 7), (3, 7), (2, 7), (2, 6), (2, 5), (2, 4), (1, 4)]",30,"[0.16666666666666666, 0.16666666666666666, 0.16666666666666666, 0.16666666666666666, 0.16666666666666666, 0.08333333333333333, 0.08333333333333333, 0.08333333333333333, 0.08333333333333333, 0.08333333333333333, 0.08333333333333333, 0.0]"
37,18,0.0,58,12,"[(0, 0), (1, 0), (1, 1), (1, 2), (1, 3), (2, 3), (3, 3), (3, 4), (3, 5), (3, 6), (4, 6), (5, 6), (5, 7), (6, 7), (7, 7), (6, 7), (5, 7), (4, 7), (3, 7), (3, 6), (3, 5), (3, 4), (2, 4), (1, 4)]",25,"[0.16666666666666666, 0.16666666666666666, 0.16666666666666666, 0.16666666666666666, 0.16666666666666666, 0.16666666666666666, 0.16666666666666666, 0.16666666666666666, 0.16666666666666666, 0.08333333333333333, 0.08333333333333333, 0.08333333333333333, 0.08333333333333333, 0.08333333333333333, 0.08333333333333333, 0.08333333333333333, 0.08333333333333333, 0.08333333333333333, 0.0]"
38,13,0.0,37,12,"[(0, 0), (1, 0), (1, 1), (1, 2), (1, 3), (2, 3), (3, 3), (3, 4), (3, 5), (3, 6), (4, 6), (5, 6), (5, 7), (6, 7), (7, 7), (6, 7), (5, 7), (4, 7), (3, 7), (3, 6), (3, 5), (3, 4), (2, 4), (1, 4)]",33,"[0.3333333333333333, 0.3333333333333333, 0.25, 0.16666666666666666, 0.16666666666666666, 0.16666666666666666, 0.16666666666666666, 0.08333333333333333, 0.08333333333333333, 0.08333333333333333, 0.08333333333333333, 0.08333333333333333, 0.08333333333333333, 0.0]"
39,6,0.0,80,12,"[(0, 0), (1, 0), (1, 1), (1, 2), (1, 3), (1, 4), (1, 5), (1, 6), (1, 7), (2, 7), (3, 7), (4, 7), (5, 7), (5, 6), (4, 6), (3, 6), (3, 7), (2, 7), (2, 6), (2, 5), (2, 4), (2, 3), (2, 2), (2, 1), (2, 0), (1, 0), (0, 0), (0, 1), (1, 1), (2, 1), (2, 0), (3, 0), (3, 1), (3, 2), (3, 3), (3, 4), (3, 5), (3, 6), (3, 7), (4, 7), (5, 7), (6, 7), (7, 7)]",18,"[0.5, 0.5, 0.16666666666666666, 0.16666666666666666, 0.16666666666666666, 0.16666666666666666, 0.0]"
40,19,0.0,81,12,"[(0, 0), (1, 0), (1, 1), (1, 2), (1, 3), (1, 4), (2, 4), (3, 4), (3, 5), (3, 6), (3, 7), (4, 7), (5, 7), (6, 7), (7, 7), (7, 6), (7, 5), (7, 4), (6, 4), (5, 4), (5, 5), (5, 6), (4, 6)]",15,"[0.25, 0.25, 0.25, 0.25, 0.16666666666666666, 0.16666666666666666, 0.16666666666666666, 0.16666666666666666, 0.16666666666666666, 0.08333333333333333, 0.08333333333333333, 0.08333333333333333, 0.08333333333333333, 0.08333333333333333, 0.08333333333333333, 0.08333333333333333, 0.08333333333333333, 0.08333333333333333, 0.08333333333333333, 0.0]"
41,10,0.0,26,12,"[(0, 0), (1, 0), (1, 1), (1, 2), (1, 3), (1, 4), (2, 4), (2, 3), (3, 3), (3, 4), (3, 5), (3, 6), (3, 7), (4, 7), (4, 6), (5, 6), (5, 7), (6, 7), (7, 7)]",40,"[0.4166666666666667, 0.4166666666666667, 0.25, 0.25, 0.25, 0.16666666666666666, 0.16666666666666666, 0.16666666666666666, 0.16666666666666666, 0.08333333333333333, 0.0]"
42,2,0.0,22,12,"[(0, 0), (1, 0), (1, 1), (1, 2), (2, 2), (2, 3), (2, 4), (3, 4), (3, 5), (3, 6), (4, 6), (4, 7), (5, 7), (6, 7), (7, 7), (6, 7), (5, 7), (5, 6), (5, 5), (4, 5), (4, 4), (4, 3), (3, 3), (3, 2), (3, 3), (2, 3), (1, 3), (1, 4)]",25,"[0.16666666666666666, 0.16666666666666666, 0.0]"
43,12,0.0,86,12,"[(0, 0), (1, 0), (1, 1), (1, 2), (0, 2), (1, 2), (1, 3), (2, 3), (2, 4), (3, 4), (3, 5), (4, 5), (4, 6), (5, 6), (5, 7), (6, 7), (7, 7), (6, 7), (5, 7), (4, 7), (4, 6), (3, 6), (3, 5), (2, 5), (2, 4), (1, 4)]",29,"[0.3333333333333333, 0.25, 0.25, 0.25, 0.25, 0.25, 0.25, 0.25, 0.16666666666666666, 0.08333333333333333, 0.08333333333333333, 0.08333333333333333, 0.0]"
44,10,0.0,53,12,"[(0, 0), (1, 0), (2, 0), (2, 1), (2, 2), (2, 3), (3, 3), (4, 3), (4, 4), (4, 5), (4, 6), (5, 6), (6, 6), (6, 7), (7, 7), (6, 7), (5, 7), (4, 7), (3, 7), (3, 6), (3, 5), (3, 4), (2, 4), (1, 4), (1, 3), (1, 2), (1, 1)]",31,"[0.5, 0.5, 0.25, 0.25, 0.25, 0.08333333333333333, 0.08333333333333333, 0.08333333333333333, 0.08333333333333333, 0.08333333333333333, 0.0]"
45,45,0.0,34,12,"[(0, 0), (1, 0), (1, 1), (1, 2), (1, 3), (2, 3), (3, 3), (3, 4), (3, 5), (3, 6), (4, 6), (5, 6), (5, 7), (6, 7), (7, 7), (6, 7), (5, 7), (4, 7), (3, 7), (3, 6), (3, 5), (3, 4), (2, 4), (1, 4)]",43,"[0.3333333333333333, 0.3333333333333333, 0.08333333333333333, 0.08333333333333333, 0.08333333333333333, 0.08333333333333333, 0.08333333333333333, 0.08333333333333333, 0.08333333333333333, 0.08333333333333333, 0.08333333333333333, 0.08333333333333333, 0.08333333333333333, 0.08333333333333333, 0.08333333333333333, 0.08333333333333333, 0.08333333333333333, 0.08333333333333333, 0.08333333333333333, 0.08333333333333333, 0.08333333333333333, 0.08333333333333333, 0.08333333333333333, 0.08333333333333333, 0.08333333333333333, 0.08333333333333333, 0.08333333333333333, 0.08333333333333333, 0.08333333333333333, 0.08333333333333333, 0.08333333333333333, 0.08333333333333333, 0.08333333333333333, 0.08333333333333333, 0.08333333333333333, 0.08333333333333333, 0.08333333333333333, 0.08333333333333333, 0.08333333333333333, 0.08333333333333333, 0.08333333333333333, 0.08333333333333333, 0.08333333333333333, 0.08333333333333333, 0.08333333333333333, 0.0]"
46,25,0.0,31,12,"[(0, 0), (1, 0), (1, 1), (1, 2), (1, 3), (1, 4), (2, 4), (2, 3), (2, 2), (2, 3), (2, 4), (2, 5), (2, 6), (3, 6), (3, 5), (3, 4), (3, 5), (3, 6), (3, 7), (4, 7), (4, 6), (4, 5), (4, 6), (4, 7), (5, 7), (5, 6), (5, 5), (5, 6), (5, 7), (6, 7), (6, 6), (6, 5), (6, 6), (6, 7), (7, 7)]",13,"[0.3333333333333333, 0.25, 0.25, 0.25, 0.25, 0.25, 0.25, 0.25, 0.25, 0.25, 0.16666666666666666, 0.16666666666666666, 0.16666666666666666, 0.16666666666666666, 0.16666666666666666, 0.08333333333333333, 0.08333333333333333, 0.08333333333333333, 0.08333333333333333, 0.08333333333333333, 0.08333333333333333, 0.08333333333333333, 0.08333333333333333, 0.08333333333333333, 0.08333333333333333, 0.0]"
47,7,0.0,131,12,"[(0, 0), (1, 0), (1, 1), (1, 2), (1, 3), (1, 4), (2, 4), (2, 5), (1, 5), (0, 5), (0, 4), (1, 4), (2, 4), (3, 4), (3, 5), (3, 6), (3, 7), (4, 7), (3, 7), (2, 7), (2, 6), (3, 6), (4, 6), (5, 6), (5, 7), (6, 7), (6, 6), (7, 6), (7, 7)]",5,"[0.4166666666666667, 0.25, 0.25, 0.25, 0.25, 0.16666666666666666, 0.16666666666666666, 0.0]"
48,75,0.0,32,12,"[(0, 0), (1, 0), (1, 1), (1, 2), (1, 3), (1, 4), (2, 4), (2, 3), (2, 2), (2, 1), (2, 2), (2, 3), (2, 4), (2, 5), (3, 5), (3, 4), (3, 3), (3, 2), (3, 3), (3, 4), (3, 5), (3, 6), (4, 6), (4, 5), (4, 4), (4, 3), (4, 4), (4, 5), (4, 6), (4, 7), (5, 7), (5, 6), (5, 5), (5, 4), (5, 5), (5, 6), (5, 7), (6, 7), (6, 6), (6, 5), (6, 4), (6, 5), (6, 6), (6, 7), (7, 7)]",7,"[0.25, 0.25, 0.16666666666666666, 0.08333333333333333, 0.08333333333333333, 0.08333333333333333, 0.08333333333333333, 0.08333333333333333, 0.08333333333333333, 0.08333333333333333, 0.08333333333333333, 0.08333333333333333, 0.08333333333333333, 0.08333333333333333, 0.08333333333333333, 0.08333333333333333, 0.08333333333333333, 0.08333333333333333, 0.08333333333333333, 0.08333333333333333, 0.08333333333333333, 0.08333333333333333, 0.08333333333333333, 0.08333333333333333, 0.08333333333333333, 0.08333333333333333, 0.08333333333333333, 0.08333333333333333, 0.08333333333333333, 0.08333333333333333, 0.08333333333333333, 0.08333333333333333, 0.08333333333333333, 0.08333333333333333, 0.08333333333333333, 0.08333333333333333, 0.08333333333333333, 0.08333333333333333, 0.08333333333333333, 0.08333333333333333, 0.08333333333333333, 0.08333333333333333, 0.08333333333333333, 0.08333333333333333, 0.08333333333333333, 0.08333333333333333, 0.08333333333333333, 0.08333333333333333, 0.08333333333333333, 0.08333333333333333, 0.08333333333333333, 0.08333333333333333, 0.08333333333333333, 0.08333333333333333, 0.08333333333333333, 0.08333333333333333, 0.08333333333333333, 0.08333333333333333, 0.08333333333333333, 0.08333333333333333, 0.08333333333333333, 0.08333333333333333, 0.08333333333333333, 0.08333333333333333, 0.08333333333333333, 0.08333333333333333, 0.08333333333333333, 0.08333333333333333, 0.08333333333333333, 0.08333333333333333, 0.08333333333333333, 0.08333333333333333, 0.08333333333333333, 0.08333333333333333, 0.08333333333333333, 0.0]"
49,17,0.0,41,12,"[(0, 0), (1, 0), (1, 1), (1, 2), (1, 3), (1, 4), (2, 4), (3, 4), (3, 3), (3, 2), (3, 3), (3, 4), (3, 5), (3, 6), (4, 6), (5, 6), (5, 5), (5, 4), (5, 5), (5, 6), (5, 7), (6, 7), (7, 7)]",25,"[0.16666666666666666, 0.16666666666666666, 0.16666666666666666, 0.16666666666666666, 0.16666666666666666, 0.16666666666666666, 0.16666666666666666, 0.16666666666666666, 0.08333333333333333, 0.08333333333333333, 0.08333333333333333, 0.08333333333333333, 0.08333333333333333, 0.08333333333333333, 0.08333333333333333, 0.08333333333333333, 0.08333333333333333, 0.0]"
